-- MySQL dump 10.13  Distrib 8.0.21, for Win64 (x86_64)
--
-- Host: localhost    Database: springbootweb122020
-- ------------------------------------------------------
-- Server version	8.0.21

/*!40101 SET @OLD_CHARACTER_SET_CLIENT=@@CHARACTER_SET_CLIENT */;
/*!40101 SET @OLD_CHARACTER_SET_RESULTS=@@CHARACTER_SET_RESULTS */;
/*!40101 SET @OLD_COLLATION_CONNECTION=@@COLLATION_CONNECTION */;
/*!50503 SET NAMES utf8 */;
/*!40103 SET @OLD_TIME_ZONE=@@TIME_ZONE */;
/*!40103 SET TIME_ZONE='+00:00' */;
/*!40014 SET @OLD_UNIQUE_CHECKS=@@UNIQUE_CHECKS, UNIQUE_CHECKS=0 */;
/*!40014 SET @OLD_FOREIGN_KEY_CHECKS=@@FOREIGN_KEY_CHECKS, FOREIGN_KEY_CHECKS=0 */;
/*!40101 SET @OLD_SQL_MODE=@@SQL_MODE, SQL_MODE='NO_AUTO_VALUE_ON_ZERO' */;
/*!40111 SET @OLD_SQL_NOTES=@@SQL_NOTES, SQL_NOTES=0 */;

--
-- Table structure for table `assignmentbuilding`
--

DROP TABLE IF EXISTS `assignmentbuilding`;
/*!40101 SET @saved_cs_client     = @@character_set_client */;
/*!50503 SET character_set_client = utf8mb4 */;
CREATE TABLE `assignmentbuilding` (
  `buildingid` bigint NOT NULL,
  `staffid` bigint NOT NULL,
  KEY `FK5ml77mpq20c7cktnaayqyndi` (`staffid`),
  KEY `FKkk3mdegrmfcdlsxqds1m6q238` (`buildingid`),
  CONSTRAINT `FK5ml77mpq20c7cktnaayqyndi` FOREIGN KEY (`staffid`) REFERENCES `users` (`id`),
  CONSTRAINT `FKkk3mdegrmfcdlsxqds1m6q238` FOREIGN KEY (`buildingid`) REFERENCES `building` (`id`)
) ENGINE=InnoDB DEFAULT CHARSET=utf8;
/*!40101 SET character_set_client = @saved_cs_client */;

--
-- Dumping data for table `assignmentbuilding`
--

LOCK TABLES `assignmentbuilding` WRITE;
/*!40000 ALTER TABLE `assignmentbuilding` DISABLE KEYS */;
INSERT INTO `assignmentbuilding` VALUES (1,2),(3,2),(1,3),(4,3);
/*!40000 ALTER TABLE `assignmentbuilding` ENABLE KEYS */;
UNLOCK TABLES;

--
-- Table structure for table `assignmentcustomer`
--

DROP TABLE IF EXISTS `assignmentcustomer`;
/*!40101 SET @saved_cs_client     = @@character_set_client */;
/*!50503 SET character_set_client = utf8mb4 */;
CREATE TABLE `assignmentcustomer` (
  `staffid` bigint NOT NULL,
  `customerid` bigint NOT NULL,
  KEY `FK4sygo3a6twd6tkay7em8f1lgg` (`customerid`),
  KEY `FKqjgn6avtjckryyksmwrjn474o` (`staffid`),
  CONSTRAINT `FK4sygo3a6twd6tkay7em8f1lgg` FOREIGN KEY (`customerid`) REFERENCES `customer` (`id`),
  CONSTRAINT `FKqjgn6avtjckryyksmwrjn474o` FOREIGN KEY (`staffid`) REFERENCES `users` (`id`)
) ENGINE=InnoDB DEFAULT CHARSET=utf8;
/*!40101 SET character_set_client = @saved_cs_client */;

--
-- Dumping data for table `assignmentcustomer`
--

LOCK TABLES `assignmentcustomer` WRITE;
/*!40000 ALTER TABLE `assignmentcustomer` DISABLE KEYS */;
/*!40000 ALTER TABLE `assignmentcustomer` ENABLE KEYS */;
UNLOCK TABLES;

--
-- Table structure for table `building`
--

DROP TABLE IF EXISTS `building`;
/*!40101 SET @saved_cs_client     = @@character_set_client */;
/*!50503 SET character_set_client = utf8mb4 */;
CREATE TABLE `building` (
  `id` bigint NOT NULL AUTO_INCREMENT,
  `createdby` varchar(255) DEFAULT NULL,
  `createddate` datetime DEFAULT NULL,
  `modifiedby` varchar(255) DEFAULT NULL,
  `modifieddate` datetime DEFAULT NULL,
  `type` varchar(255) DEFAULT NULL,
  `direction` varchar(255) DEFAULT NULL,
  `district` varchar(255) DEFAULT NULL,
  `floorarea` int DEFAULT NULL,
  `level` varchar(255) DEFAULT NULL,
  `name` varchar(255) DEFAULT NULL,
  `numberofbasement` int DEFAULT NULL,
  `rentprice` int DEFAULT NULL,
  `street` varchar(255) DEFAULT NULL,
  `structure` varchar(255) DEFAULT NULL,
  `ward` varchar(255) DEFAULT NULL,
  PRIMARY KEY (`id`)
) ENGINE=InnoDB AUTO_INCREMENT=9 DEFAULT CHARSET=utf8;
/*!40101 SET character_set_client = @saved_cs_client */;

--
-- Dumping data for table `building`
--

LOCK TABLES `building` WRITE;
/*!40000 ALTER TABLE `building` DISABLE KEYS */;
INSERT INTO `building` VALUES (1,NULL,NULL,NULL,NULL,'GROUND_FLOOR,APARTMENT',NULL,'D1',500,NULL,'Nam Giao Building Tower',2,15,'59 phan xích long',NULL,'Phường 2'),(2,NULL,NULL,NULL,NULL,'APARTMENT',NULL,'TP_TD',650,NULL,'ACM Tower',2,18,'96 cao thắng',NULL,'Phường 4'),(3,'admin','2021-03-17 20:02:03','admin','2021-03-17 20:02:03','FURNITURE',NULL,'D1',200,NULL,'Alpha 2 Building Tower',1,20,'153 nguyễn đình chiểu','','Phường 6'),(4,'admin','2021-03-17 21:53:44','admin','2021-03-17 21:53:44','GROUND_FLOOR,APARTMENT,FURNITURE',NULL,'D4',200,NULL,'IDD 1 Building',1,12,'111 Lý Chính Thắng','','Phường 7'),(5,'admin','2021-03-21 21:22:30','admin','2021-03-21 21:22:30','[Ljava.lang.String;@19eb611d',NULL,NULL,NULL,NULL,'test',NULL,NULL,'','',''),(6,'admin','2021-03-24 18:00:05','admin','2021-03-24 18:00:05','[Ljava.lang.String;@5f8c914e',NULL,NULL,NULL,NULL,'',NULL,NULL,'','',''),(7,'admin','2021-03-24 18:01:16','admin','2021-03-24 18:01:16','[Ljava.lang.String;@3163c207',NULL,NULL,NULL,NULL,'',NULL,NULL,'','',''),(8,'admin','2021-03-24 18:19:14','admin','2021-03-24 18:19:14','[Ljava.lang.String;@4197ab23',NULL,NULL,NULL,NULL,'testra',NULL,NULL,'','','');
/*!40000 ALTER TABLE `building` ENABLE KEYS */;
UNLOCK TABLES;

--
-- Table structure for table `customer`
--

DROP TABLE IF EXISTS `customer`;
/*!40101 SET @saved_cs_client     = @@character_set_client */;
/*!50503 SET character_set_client = utf8mb4 */;
CREATE TABLE `customer` (
  `id` bigint NOT NULL AUTO_INCREMENT,
  `createdby` varchar(255) DEFAULT NULL,
  `createddate` datetime DEFAULT NULL,
  `modifiedby` varchar(255) DEFAULT NULL,
  `modifieddate` datetime DEFAULT NULL,
  `email` varchar(255) DEFAULT NULL,
  `fullname` varchar(255) DEFAULT NULL,
  `phone` varchar(255) DEFAULT NULL,
  PRIMARY KEY (`id`)
) ENGINE=InnoDB DEFAULT CHARSET=utf8;
/*!40101 SET character_set_client = @saved_cs_client */;

--
-- Dumping data for table `customer`
--

LOCK TABLES `customer` WRITE;
/*!40000 ALTER TABLE `customer` DISABLE KEYS */;
/*!40000 ALTER TABLE `customer` ENABLE KEYS */;
UNLOCK TABLES;

--
-- Table structure for table `rentarea`
--

DROP TABLE IF EXISTS `rentarea`;
/*!40101 SET @saved_cs_client     = @@character_set_client */;
/*!50503 SET character_set_client = utf8mb4 */;
CREATE TABLE `rentarea` (
  `id` bigint NOT NULL AUTO_INCREMENT,
  `createdby` varchar(255) DEFAULT NULL,
  `createddate` datetime DEFAULT NULL,
  `modifiedby` varchar(255) DEFAULT NULL,
  `modifieddate` datetime DEFAULT NULL,
  `value` int DEFAULT NULL,
  `buildingid` bigint DEFAULT NULL,
  PRIMARY KEY (`id`),
  KEY `FKqhqoxlvm1iblaew5s0v8n3ut4` (`buildingid`),
  CONSTRAINT `FKqhqoxlvm1iblaew5s0v8n3ut4` FOREIGN KEY (`buildingid`) REFERENCES `building` (`id`)
) ENGINE=InnoDB AUTO_INCREMENT=17 DEFAULT CHARSET=utf8;
/*!40101 SET character_set_client = @saved_cs_client */;

--
-- Dumping data for table `rentarea`
--

LOCK TABLES `rentarea` WRITE;
/*!40000 ALTER TABLE `rentarea` DISABLE KEYS */;
INSERT INTO `rentarea` VALUES (1,NULL,NULL,NULL,NULL,100,1),(2,NULL,NULL,NULL,NULL,200,1),(3,NULL,NULL,NULL,NULL,200,2),(4,NULL,NULL,NULL,NULL,300,2),(5,NULL,NULL,NULL,NULL,400,2),(6,NULL,NULL,NULL,NULL,300,3),(7,NULL,NULL,NULL,NULL,400,3),(8,NULL,NULL,NULL,NULL,500,3),(9,NULL,NULL,NULL,NULL,100,4),(10,NULL,NULL,NULL,NULL,400,4),(11,NULL,NULL,NULL,NULL,250,4),(12,'admin','2021-03-24 18:00:05','admin','2021-03-24 18:00:05',100,6),(13,'admin','2021-03-24 18:01:16','admin','2021-03-24 18:01:16',100,7),(14,'admin','2021-03-24 18:01:16','admin','2021-03-24 18:01:16',200,7),(15,'admin','2021-03-24 18:19:14','admin','2021-03-24 18:19:14',300,8),(16,'admin','2021-03-24 18:19:14','admin','2021-03-24 18:19:14',400,8);
/*!40000 ALTER TABLE `rentarea` ENABLE KEYS */;
UNLOCK TABLES;

--
-- Table structure for table `role`
--

DROP TABLE IF EXISTS `role`;
/*!40101 SET @saved_cs_client     = @@character_set_client */;
/*!50503 SET character_set_client = utf8mb4 */;
CREATE TABLE `role` (
  `id` bigint NOT NULL AUTO_INCREMENT,
  `createdby` varchar(255) DEFAULT NULL,
  `createddate` datetime DEFAULT NULL,
  `modifiedby` varchar(255) DEFAULT NULL,
  `modifieddate` datetime DEFAULT NULL,
  `code` varchar(255) NOT NULL,
  `name` varchar(255) NOT NULL,
  PRIMARY KEY (`id`),
  UNIQUE KEY `UK_c36say97xydpmgigg38qv5l2p` (`code`)
) ENGINE=InnoDB AUTO_INCREMENT=3 DEFAULT CHARSET=utf8;
/*!40101 SET character_set_client = @saved_cs_client */;

--
-- Dumping data for table `role`
--

LOCK TABLES `role` WRITE;
/*!40000 ALTER TABLE `role` DISABLE KEYS */;
INSERT INTO `role` VALUES (1,NULL,NULL,NULL,NULL,'ADMIN','Quản trị hệ thống'),(2,NULL,NULL,NULL,NULL,'USER','người dùng');
/*!40000 ALTER TABLE `role` ENABLE KEYS */;
UNLOCK TABLES;

--
-- Table structure for table `transaction`
--

DROP TABLE IF EXISTS `transaction`;
/*!40101 SET @saved_cs_client     = @@character_set_client */;
/*!50503 SET character_set_client = utf8mb4 */;
CREATE TABLE `transaction` (
  `id` bigint NOT NULL AUTO_INCREMENT,
  `createdby` varchar(255) DEFAULT NULL,
  `createddate` datetime DEFAULT NULL,
  `modifiedby` varchar(255) DEFAULT NULL,
  `modifieddate` datetime DEFAULT NULL,
  `code` varchar(255) DEFAULT NULL,
  `note` varchar(255) DEFAULT NULL,
  `customerid` bigint DEFAULT NULL,
  `staffid` bigint DEFAULT NULL,
  PRIMARY KEY (`id`),
  KEY `FKldobv9jeuxje0fjqnhrw6e23v` (`customerid`),
  KEY `FKrsenqvwjhwtsiuyw4ht1cgpvp` (`staffid`),
  CONSTRAINT `FKldobv9jeuxje0fjqnhrw6e23v` FOREIGN KEY (`customerid`) REFERENCES `customer` (`id`),
  CONSTRAINT `FKrsenqvwjhwtsiuyw4ht1cgpvp` FOREIGN KEY (`staffid`) REFERENCES `users` (`id`)
) ENGINE=InnoDB DEFAULT CHARSET=utf8;
/*!40101 SET character_set_client = @saved_cs_client */;

--
-- Dumping data for table `transaction`
--

LOCK TABLES `transaction` WRITE;
/*!40000 ALTER TABLE `transaction` DISABLE KEYS */;
/*!40000 ALTER TABLE `transaction` ENABLE KEYS */;
UNLOCK TABLES;

--
-- Table structure for table `user_role`
--

DROP TABLE IF EXISTS `user_role`;
/*!40101 SET @saved_cs_client     = @@character_set_client */;
/*!50503 SET character_set_client = utf8mb4 */;
CREATE TABLE `user_role` (
  `user_id` bigint NOT NULL,
  `role_id` bigint NOT NULL,
  KEY `FKa68196081fvovjhkek5m97n3y` (`role_id`),
  KEY `FKj345gk1bovqvfame88rcx7yyx` (`user_id`),
  CONSTRAINT `FKa68196081fvovjhkek5m97n3y` FOREIGN KEY (`role_id`) REFERENCES `role` (`id`),
  CONSTRAINT `FKj345gk1bovqvfame88rcx7yyx` FOREIGN KEY (`user_id`) REFERENCES `users` (`id`)
) ENGINE=InnoDB DEFAULT CHARSET=utf8;
/*!40101 SET character_set_client = @saved_cs_client */;

--
-- Dumping data for table `user_role`
--

LOCK TABLES `user_role` WRITE;
/*!40000 ALTER TABLE `user_role` DISABLE KEYS */;
INSERT INTO `user_role` VALUES (1,1),(2,2),(3,2),(4,2),(5,2);
/*!40000 ALTER TABLE `user_role` ENABLE KEYS */;
UNLOCK TABLES;

--
-- Table structure for table `users`
--

DROP TABLE IF EXISTS `users`;
/*!40101 SET @saved_cs_client     = @@character_set_client */;
/*!50503 SET character_set_client = utf8mb4 */;
CREATE TABLE `users` (
  `id` bigint NOT NULL AUTO_INCREMENT,
  `createdby` varchar(255) DEFAULT NULL,
  `createddate` datetime DEFAULT NULL,
  `modifiedby` varchar(255) DEFAULT NULL,
  `modifieddate` datetime DEFAULT NULL,
  `email` varchar(255) DEFAULT NULL,
  `fullname` varchar(255) NOT NULL,
  `password` varchar(255) NOT NULL,
  `status` int NOT NULL,
  `username` varchar(255) NOT NULL,
  PRIMARY KEY (`id`),
  UNIQUE KEY `UK_r43af9ap4edm43mmtq01oddj6` (`username`),
  UNIQUE KEY `UK_6dotkott2kjsp8vw4d0m25fb7` (`email`)
) ENGINE=InnoDB AUTO_INCREMENT=6 DEFAULT CHARSET=utf8;
/*!40101 SET character_set_client = @saved_cs_client */;

--
-- Dumping data for table `users`
--

LOCK TABLES `users` WRITE;
/*!40000 ALTER TABLE `users` DISABLE KEYS */;
INSERT INTO `users` VALUES (1,NULL,NULL,NULL,NULL,NULL,'admin','$2a$10$/RUbuT9KIqk6f8enaTQiLOXzhnUkiwEJRdtzdrMXXwU7dgnLKTCYG',1,'admin'),(2,NULL,NULL,NULL,NULL,NULL,'nguyen van a','$2a$10$/RUbuT9KIqk6f8enaTQiLOXzhnUkiwEJRdtzdrMXXwU7dgnLKTCYG',1,'nguyenvana'),(3,NULL,NULL,NULL,NULL,NULL,'nguyen van b','$2a$10$/RUbuT9KIqk6f8enaTQiLOXzhnUkiwEJRdtzdrMXXwU7dgnLKTCYG',1,'nguyenvanb'),(4,NULL,NULL,NULL,NULL,NULL,'nguyen van c','$2a$10$/RUbuT9KIqk6f8enaTQiLOXzhnUkiwEJRdtzdrMXXwU7dgnLKTCYG',1,'nguyenvanc'),(5,NULL,NULL,NULL,NULL,NULL,'nguyen van d','$2a$10$/RUbuT9KIqk6f8enaTQiLOXzhnUkiwEJRdtzdrMXXwU7dgnLKTCYG',1,'nguyenvand');
/*!40000 ALTER TABLE `users` ENABLE KEYS */;
UNLOCK TABLES;

--
-- Dumping events for database 'springbootweb122020'
--

--
-- Dumping routines for database 'springbootweb122020'
--
/*!40103 SET TIME_ZONE=@OLD_TIME_ZONE */;

/*!40101 SET SQL_MODE=@OLD_SQL_MODE */;
/*!40014 SET FOREIGN_KEY_CHECKS=@OLD_FOREIGN_KEY_CHECKS */;
/*!40014 SET UNIQUE_CHECKS=@OLD_UNIQUE_CHECKS */;
/*!40101 SET CHARACTER_SET_CLIENT=@OLD_CHARACTER_SET_CLIENT */;
/*!40101 SET CHARACTER_SET_RESULTS=@OLD_CHARACTER_SET_RESULTS */;
/*!40101 SET COLLATION_CONNECTION=@OLD_COLLATION_CONNECTION */;
/*!40111 SET SQL_NOTES=@OLD_SQL_NOTES */;

-- Dump completed on 2021-03-24 18:46:58
